timestamp,datetime,profile_id,message_code
1674669421,2023-01-25 18:57,Christopher,c3
1674669680,2023-01-25 19:01,Andrew,c0
1674670937,2023-01-25 19:22,Michael,c2
1674671079,2023-01-25 19:24,Greg,c3
1674671223,2023-01-25 19:27,James,c3
1674671363,2023-01-25 19:29,Fabrizio,c2
1674671501,2023-01-25 19:31,Billy,c1
1674671641,2023-01-25 19:34,Ray,c0
1674671780,2023-01-25 19:36,Eirian,c0
1674671921,2023-01-25 19:38,Drew,c1
1674672060,2023-01-25 19:41,Ben,c2
1674672200,2023-01-25 19:43,Mike,c3
1674672338,2023-01-25 19:45,Melissa,c2
1674724906,2023-01-26 10:21,Ross,c3
1674725056,2023-01-26 10:24,Jay,c3
1674726506,2023-01-26 10:48,christopher-hill-72944417,c1
1674726547,2023-01-26 10:49,andrew-waldren-16057a10,c1
1674726586,2023-01-26 10:49,ammalan-annalingam-76831a1a,c1
1674726623,2023-01-26 10:50,michael-rosenthal-24b412,c1
1674726667,2023-01-26 10:51,greg-malone-69057734,c2
1674726704,2023-01-26 10:51,carnegie-smyth-56787b5,c1
1674726743,2023-01-26 10:52,james-duckworth-chad-8527805,c3
1674726780,2023-01-26 10:53,fabrizio-basso-4543463b,c0
1674726820,2023-01-26 10:53,billy-norris-834a2725,c2
1674726860,2023-01-26 10:54,ray-cullivan,c1
1674726897,2023-01-26 10:54,michael-keane-a2180529,c1
1674726933,2023-01-26 10:55,eirian-jones-b4491365,c1
1674726970,2023-01-26 10:56,drew-mcneil-54772111,c3
1674727007,2023-01-26 10:56,bwiseman08,c0
1674727044,2023-01-26 10:57,michaeljamesmacfarlane,c1
1674727083,2023-01-26 10:58,melissa-lester,c0
1674813335,2023-01-27 10:55,jay-ash-38484579,c0
1674813432,2023-01-27 10:57,alistair-cairns-8a1422,c1
1674813529,2023-01-27 10:58,jack-mactaggart,c1
1674813626,2023-01-27 11:00,william-laxton,c1
1674813723,2023-01-27 11:02,andrew-spence-6a638bb,c1
1674813821,2023-01-27 11:03,george-renouf-13665014,c3
1674813918,2023-01-27 11:05,harvey-s-aa473718a,c0
1674814014,2023-01-27 11:06,dominik-simler-0b2580b,c2
1674814110,2023-01-27 11:08,yves-alexandre-05baa383,c2
1674814805,2023-01-27 11:20,john-burke-689625176,c2
1674814902,2023-01-27 11:21,kevin-arenson-123b9218,c1
1674815001,2023-01-27 11:23,tristin-retzlaff-8aaa938,c2
1674815098,2023-01-27 11:24,giulio-battaglia-4129822,c0
1674815195,2023-01-27 11:26,shuo-zhao-06022817,c2
1674815292,2023-01-27 11:28,emmaholden01,c2
1674815388,2023-01-27 11:29,alan-torevell-298ab8133,c3
1674815484,2023-01-27 11:31,costayiannoulis,c1
1674815581,2023-01-27 11:33,dmitry-tomkin-61753578,c3
